INSERT INTO [dbo].[productos] (nombre, descripcion, precio, stock)
VALUES
('Laptop Lenovo IdeaPad 3', 'Laptop con procesador Intel Core i5, 8GB RAM, 256GB SSD', 750.00, 50),
('Monitor LG 24MP59G', 'Monitor de 24 pulgadas Full HD con tecnología AMD FreeSync', 180.00, 30),
('Teclado Mecánico HyperX Alloy FPS', 'Teclado mecánico con switches Cherry MX Red', 120.00, 40),
('Mouse Logitech G502 HERO', 'Mouse gaming con sensor de 25,000 DPI y botones programables', 70.00, 60),
('Auriculares Sony WH-1000XM4', 'Auriculares inalámbricos con cancelación activa de ruido', 350.00, 20),
('Smartphone Samsung Galaxy S23', 'Teléfono con pantalla AMOLED de 6.1 pulgadas y 256GB de almacenamiento', 999.00, 15),
('Tablet Apple iPad Air', 'Tablet con pantalla de 10.9 pulgadas y chip M1', 699.00, 25),
('Impresora HP LaserJet Pro', 'Impresora láser multifunción para oficinas', 250.00, 10),
('Disco Duro Externo Seagate 1TB', 'Almacenamiento portátil con conexión USB 3.0', 65.00, 100),
('Router ASUS RT-AX88U', 'Router Wi-Fi 6 con alta velocidad y cobertura extendida', 300.00, 15),
('Smartwatch Apple Watch Series 8', 'Reloj inteligente con monitoreo de salud y fitness', 429.00, 35),
('Cámara Canon EOS Rebel T7', 'Cámara DSLR con lente de 18-55mm', 480.00, 20),
('MicroSD SanDisk Ultra 128GB', 'Tarjeta de memoria MicroSD con velocidad Clase 10', 25.00, 150),
('Smart TV Samsung 55" QLED', 'Televisor QLED con resolución 4K y HDR', 1200.00, 10),
('Barra de Sonido Bose 700', 'Barra de sonido premium con Bluetooth y control por voz', 850.00, 8),
('Consola PlayStation 5', 'Consola de videojuegos de última generación con SSD de 825GB', 499.00, 12),
('Control Xbox Series X', 'Control inalámbrico para consola y PC', 60.00, 50),
('SSD Kingston A2000 1TB', 'Disco de estado sólido NVMe para alto rendimiento', 90.00, 75),
('Procesador AMD Ryzen 7 5800X', 'Procesador de 8 núcleos para PCs de alto rendimiento', 320.00, 25),
('Tarjeta Gráfica NVIDIA RTX 3080', 'GPU de alto rendimiento para gaming y diseño', 700.00, 5),
('Altavoces Logitech Z623', 'Sistema de sonido 2.1 con certificación THX', 130.00, 20),
('Cargador Rápido Anker PowerPort', 'Cargador USB con tecnología PowerIQ', 25.00, 100),
('Estación de Doca Dell WD19', 'Docking station universal con múltiples puertos', 200.00, 15),
('Cable HDMI Belkin Ultra HD', 'Cable HDMI de alta velocidad con soporte 4K', 20.00, 200),
('Silla Gaming DXRacer', 'Silla ergonómica para juegos con reposabrazos ajustables', 350.00, 10),
('Cámara de Seguridad Blink Outdoor', 'Cámara inalámbrica resistente al clima para exteriores', 100.00, 40),
('Parlante Bluetooth JBL Flip 5', 'Parlante portátil resistente al agua', 110.00, 60),
('Base de Enfriamiento Cooler Master', 'Base para laptops con ventiladores silenciosos', 50.00, 80),
('Lector de Tarjetas USB UGREEN', 'Lector universal para tarjetas SD y MicroSD', 15.00, 150),
('Webcam Logitech C920', 'Cámara web Full HD con micrófono integrado', 70.00, 25),
('Tablet Samsung Galaxy Tab S8', 'Tablet con pantalla AMOLED de 11 pulgadas', 729.00, 12),
('Disco NAS WD Red 4TB', 'Disco duro diseñado para almacenamiento en red', 140.00, 30),
('Kit de Luces Elgato Key Light', 'Luces LED para transmisiones en vivo', 200.00, 20),
('Hub USB-C Anker 7 en 1', 'Concentrador USB-C con múltiples puertos y lector de tarjetas', 60.00, 70),
('Monitor Curvo Samsung Odyssey G7', 'Monitor gaming QHD de 32 pulgadas con 240Hz', 800.00, 10),
('Soporte Ergonómico Fellowes', 'Soporte ajustable para monitores o laptops', 45.00, 50),
('Memoria RAM Corsair Vengeance 16GB', 'Memoria DDR4 para PCs de alto rendimiento', 80.00, 100),
('Auriculares Razer Kraken', 'Auriculares gaming con sonido envolvente', 60.00, 40),
('Fuente de Poder EVGA 750W', 'Fuente de alimentación certificada 80+ Gold', 110.00, 30);

INSERT INTO [dbo].[personas_naturales] ([numero_documento], [nombres], [apellido_paterno], [apellido_materno], [email], [celular], [direccion]) 
VALUES
('1234567890', 'Juan', 'Perez', 'Lopez', 'juan.perez@email.com', '555-1234', 'Av. Siempre Viva 123'),
('2345678901', 'Maria', 'Gomez', 'Fernandez', 'maria.gomez@email.com', '555-2345', 'Calle Ficticia 456'),
('3456789012', 'Carlos', 'Martinez', 'Ramirez', 'carlos.martinez@email.com', '555-3456', 'Calle Real 789'),
('4567890123', 'Ana', 'Sanchez', 'Gonzalez', 'ana.sanchez@email.com', '555-4567', 'Av. Libertad 101'),
('5678901234', 'Luis', 'Diaz', 'Hernandez', 'luis.diaz@email.com', '555-5678', 'Calle Las Flores 202'),
('6789012345', 'Laura', 'Lopez', 'Gomez', 'laura.lopez@email.com', '555-6789', 'Calle Central 303'),
('7890123456', 'Pedro', 'Perez', 'Morales', 'pedro.perez@email.com', '555-7890', 'Av. 9 de Julio 404'),
('8901234567', 'Sofia', 'Martinez', 'Lopez', 'sofia.martinez@email.com', '555-8901', 'Calle San Martin 505'),
('9012345678', 'Ricardo', 'Rodriguez', 'Jimenez', 'ricardo.rodriguez@email.com', '555-9012', 'Av. Paseo 606'),
('1123456789', 'Elena', 'Ramirez', 'Vargas', 'elena.ramirez@email.com', '555-1235', 'Calle El Sol 707'),
('2234567890', 'Miguel', 'Fernandez', 'Perez', 'miguel.fernandez@email.com', '555-2346', 'Av. La Luna 808'),
('3345678901', 'Patricia', 'Gonzalez', 'Hernandez', 'patricia.gonzalez@email.com', '555-3457', 'Calle Las Estrellas 909'),
('4456789012', 'Francisco', 'Sanchez', 'Lopez', 'francisco.sanchez@email.com', '555-4568', 'Calle Buenos Aires 1010'),
('5567890123', 'Carmen', 'Jimenez', 'Torres', 'carmen.jimenez@email.com', '555-5679', 'Av. San Juan 1111'),
('6678901234', 'Antonio', 'Vargas', 'Diaz', 'antonio.vargas@email.com', '555-6780', 'Calle El Parque 1212'),
('7789012345', 'Marta', 'Lopez', 'Rodriguez', 'marta.lopez@email.com', '555-7891', 'Av. Constitución 1313'),
('8890123456', 'Juan Carlos', 'Torres', 'Sanchez', 'juancarlos.torres@email.com', '555-8902', 'Calle Las Palmas 1414'),
('9901234567', 'Isabel', 'Perez', 'Fernandez', 'isabel.perez@email.com', '555-9013', 'Calle El Bosque 1515'),
('1012345678', 'Felipe', 'Hernandez', 'Jimenez', 'felipe.hernandez@email.com', '555-1236', 'Av. Los Andes 1616'),
('2123456789', 'Olga', 'Rodriguez', 'Lopez', 'olga.rodriguez@email.com', '555-2347', 'Calle Norte 1717'),
('3234567890', 'Eduardo', 'Vargas', 'Gonzalez', 'eduardo.vargas@email.com', '555-3458', 'Av. La Montaña 1818'),
('4345678901', 'Rosa', 'Sanchez', 'Martinez', 'rosa.sanchez@email.com', '555-4569', 'Calle Sur 1919'),
('5456789012', 'Ricardo', 'Jimenez', 'Rodriguez', 'ricardo.jimenez@email.com', '555-5670', 'Av. Sol 2020'),
('6567890123', 'Antonio', 'Lopez', 'Fernandez', 'antonio.lopez@email.com', '555-6781', 'Calle Fuerte 2121'),
('7678901234', 'Mariana', 'Rodriguez', 'Diaz', 'mariana.rodriguez@email.com', '555-7892', 'Av. Rivadavia 2222'),
('8789012345', 'David', 'Vargas', 'Jimenez', 'david.vargas@email.com', '555-8903', 'Calle Mendoza 2323'),
('9890123456', 'Cristina', 'Sanchez', 'Torres', 'cristina.sanchez@email.com', '555-9014', 'Av. La Paz 2424'),
('1090123456', 'Samuel', 'Martinez', 'Hernandez', 'samuel.martinez@email.com', '555-1237', 'Calle Argentina 2525'),
('2101234567', 'Beatriz', 'Fernandez', 'Rodriguez', 'beatriz.fernandez@email.com', '555-2348', 'Calle Las Lomas 2626'),
('3112345678', 'Gabriel', 'Gonzalez', 'Sanchez', 'gabriel.gonzalez@email.com', '555-3459', 'Av. Santa Fe 2727'),
('4123456789', 'Lourdes', 'Hernandez', 'Lopez', 'lourdes.hernandez@email.com', '555-4560', 'Calle El Prado 2828'),
('5234567890', 'Mario', 'Rodriguez', 'Vargas', 'mario.rodriguez@email.com', '555-5671', 'Calle Roca 2929'),
('6345678901', 'Patricio', 'Sanchez', 'Torres', 'patricio.sanchez@email.com', '555-6782', 'Av. Litoral 3030'),
('7456789012', 'Sandra', 'Lopez', 'Jimenez', 'sandra.lopez@email.com', '555-7893', 'Calle Libertad 3131'),
('8567890123', 'Victor', 'Gonzalez', 'Rodriguez', 'victor.gonzalez@email.com', '555-8904', 'Av. Gran Via 3232'),
('9678901234', 'Juana', 'Martinez', 'Fernandez', 'juana.martinez@email.com', '555-9015', 'Calle Buenos Aires 3333'),
('0789012345', 'Oscar', 'Vargas', 'Sanchez', 'oscar.vargas@email.com', '555-1238', 'Calle El Oasis 3434'),
('1890123456', 'Patricia', 'Rodriguez', 'Gonzalez', 'patricia.rodriguez@email.com', '555-2349', 'Av. Paseo 3535'),
('2901234567', 'Javier', 'Sanchez', 'Lopez', 'javier.sanchez@email.com', '555-3450', 'Calle El Bosque 3636');

INSERT INTO [dbo].[personas_juridicas] ([numero_documento], [razon_social], [email], [telefono], [direccion]) 
VALUES
('20123456789', 'Tecnología S.A.', 'contacto@tecnologia.com', '555-1000', 'Av. Innovación 100'),
('20234567890', 'Soluciones Digitales S.R.L.', 'info@solucionesdigitales.com', '555-2000', 'Calle Progreso 200'),
('20345678901', 'Computech Ltda.', 'ventas@computech.com', '555-3000', 'Av. Central 300'),
('20456789012', 'Red de Innovación S.A.C.', 'contacto@redinnovacion.com', '555-4000', 'Calle Digital 400'),
('20567890123', 'Smart Devices Corp.', 'soporte@smartdevices.com', '555-5000', 'Calle Del Futuro 500'),
('20678901234', 'Tech Solutions Group S.A.', 'soluciones@techgroup.com', '555-6000', 'Av. Tecnológica 600'),
('20789012345', 'Global Tech Innovators S.A.', 'info@globaltech.com', '555-7000', 'Calle Global 700'),
('20890123456', 'Electro Sistemas Ltda.', 'ventas@electrosistemas.com', '555-8000', 'Av. Eléctrica 800'),
('20901234567', 'Redes Digitales S.R.L.', 'contacto@redesdigitales.com', '555-9000', 'Calle 5G 900'),
('21012345678', 'Nexos Tecnológicos S.A.', 'nexos@tecnologicos.com', '555-1001', 'Av. Conexión 1001'),
('21123456789', 'Comunicaciones Avanzadas Ltda.', 'info@comunicacionesavanzadas.com', '555-2001', 'Calle Innovadora 2001'),
('21234567890', 'Software Solutions S.A.C.', 'contacto@softwaresolutions.com', '555-3001', 'Av. Software 3001'),
('21345678901', 'Red Digital S.A.', 'info@reddigital.com', '555-4001', 'Calle Digital 4001'),
('21456789012', 'Tecnologías del Futuro S.A.', 'futuro@tecnologias.com', '555-5001', 'Calle Vanguardia 5001'),
('21567890123', 'Innovative Devices Ltda.', 'ventas@innovative.com', '555-6001', 'Av. Nueva Era 6001'),
('21678901234', 'Grupo Electrónico Global S.A.C.', 'grupo@electronicos.com', '555-7001', 'Calle Global 7001'),
('21789012345', 'Dispositivos Avanzados S.R.L.', 'contacto@dispositivosavanzados.com', '555-8001', 'Av. Inteligente 8001'),
('21890123456', 'Tech Power S.A.', 'soporte@techpower.com', '555-9001', 'Calle Alta Tecnología 9001'),
('21901234567', 'Electro Ingeniería S.A.C.', 'info@electroingenieria.com', '555-1002', 'Calle Innovación 1002'),
('22012345678', 'Red Smart Ltda.', 'contacto@redsmart.com', '555-2002', 'Av. Red 2002'),
('22123456789', 'Ingeniería Tecnológica S.A.', 'ventas@ingenieriatecnologica.com', '555-3002', 'Calle Digital 3002'),
('22234567890', 'Automatización Global S.A.C.', 'info@automatizacionglobal.com', '555-4002', 'Av. Automatización 4002'),
('22345678901', 'Tecnologías Avanzadas Ltda.', 'soporte@tecnologiasavanzadas.com', '555-5002', 'Calle Tecnología 5002'),
('22456789012', 'Soluciones Inteligentes S.A.', 'contacto@solucionesinteligentes.com', '555-6002', 'Av. Soluciones 6002'),
('22567890123', 'Electrónica Pro Ltda.', 'info@electronica.com', '555-7002', 'Calle Progreso 7002'),
('22678901234', 'Grupo de Innovación Digital S.A.', 'grupo@innovaciondigital.com', '555-8002', 'Av. Digital 8002'),
('22789012345', 'Tecnología Aplicada S.A.C.', 'soporte@tecnologiaaplicada.com', '555-9002', 'Calle Avances 9002'),
('22890123456', 'Soluciones Electrónicas S.R.L.', 'contacto@solucioneselectronicas.com', '555-1003', 'Av. Avance 1003'),
('22901234567', 'Innovadores del Futuro Ltda.', 'ventas@innovadoresfuturo.com', '555-2003', 'Calle de Innovación 2003'),
('23012345678', 'Digital Tech S.A.C.', 'info@digitaltech.com', '555-3003', 'Calle Digital 3003'),
('23123456789', 'Soluciones y Tecnología S.A.', 'soporte@solucionesytecnologia.com', '555-4003', 'Av. Soluciones 4003'),
('23234567890', 'Redes de Comunicación S.A.', 'info@redescomunicacion.com', '555-5003', 'Calle Red 5003'),
('23345678901', 'Tecnologías Globales Ltda.', 'contacto@tecnologiasglobales.com', '555-6003', 'Av. Global 6003'),
('23456789012', 'Smart Devices Corporation S.A.C.', 'ventas@smartdevicescorp.com', '555-7003', 'Calle Alta Tecnología 7003'),
('23567890123', 'Future Technologies S.R.L.', 'info@futuretechnologies.com', '555-8003', 'Av. Future 8003'),
('23678901234', 'Sistemas Inteligentes Ltda.', 'soporte@sistemasinteligentes.com', '555-9003', 'Calle Innovación 9003'),
('23789012345', 'Red Digital Technologies S.A.', 'contacto@reddigitaltech.com', '555-1004', 'Av. Tecnología 1004'),
('23890123456', 'Innova Group S.A.C.', 'info@innova-group.com', '555-2004', 'Calle Progreso 2004'),
('23901234567', 'Electro Digital Solutions Ltda.', 'ventas@electrodigital.com', '555-3004', 'Calle Digital 3004');



INSERT INTO [dbo].[clientes] ([tipo_persona], [persona_id]) 
VALUES
('Persona Natural', 1),
('Persona Natural', 2),
('Persona Natural', 3),
('Persona Natural', 4),
('Persona Natural', 5),
('Persona Natural', 6),
('Persona Natural', 7),
('Persona Natural', 8),
('Persona Natural', 9),
('Persona Natural', 10),
('Persona Natural', 11),
('Persona Natural', 12),
('Persona Natural', 13),
('Persona Natural', 14),
('Persona Natural', 15),
('Persona Natural', 16),
('Persona Natural', 17),
('Persona Natural', 18),
('Persona Natural', 19),
('Persona Natural', 20),

('Persona Jurídica', 1),
('Persona Jurídica', 2),
('Persona Jurídica', 3),
('Persona Jurídica', 4),
('Persona Jurídica', 5),
('Persona Jurídica', 6),
('Persona Jurídica', 7),
('Persona Jurídica', 8),
('Persona Jurídica', 9),
('Persona Jurídica', 10),
('Persona Jurídica', 11),
('Persona Jurídica', 12),
('Persona Jurídica', 13),
('Persona Jurídica', 14),
('Persona Jurídica', 15),
('Persona Jurídica', 16),
('Persona Jurídica', 17),
('Persona Jurídica', 18),
('Persona Jurídica', 19),
('Persona Jurídica', 20);


INSERT INTO [dbo].[empleados] ([persona_id], [codigo_empleado]) 
VALUES
(1, 'EMP001'),
(2, 'EMP002'),
(3, 'EMP003'),
(4, 'EMP004'),
(5, 'EMP005');

select*from empleados

-- Insertar 40 interacciones
INSERT INTO [dbo].[interaccion] ([empleado_id], [cliente_id], [tipo_interaccion], [fecha], [resumen])
VALUES
(1, 1, 'Correo', '2024-12-01', 'Consulta sobre el producto X.'),
(2, 2, 'Llamada', '2024-12-02', 'Consulta de precios de productos Y.'),
(3, 3, 'WSP', '2024-12-03', 'Aclaración sobre el pago.'),
(4, 4, 'Correo', '2024-12-04', 'Problema con la entrega del producto.'),
(5, 5, 'Presencial', '2024-12-05', 'Reclamo por defectos en el producto Z.'),
(1, 6, 'WEB', '2024-12-06', 'Interacción sobre descuentos.'),
(2, 7, 'Llamada', '2024-12-07', 'Solicitar información sobre los métodos de pago.'),
(3, 8, 'Correo', '2024-12-08', 'Preguntas sobre la garantía del producto.'),
(4, 9, 'WSP', '2024-12-09', 'Confirmación de la fecha de envío.'),
(5, 10, 'Presencial', '2024-12-10', 'Solicitud de cambio de producto defectuoso.'),
(1, 11, 'Correo', '2024-12-11', 'Soporte sobre el proceso de compra online.'),
(2, 12, 'Llamada', '2024-12-12', 'Aclaración sobre facturación.'),
(3, 13, 'WSP', '2024-12-13', 'Consulta sobre las promociones del mes.'),
(4, 14, 'WEB', '2024-12-14', 'Seguimiento sobre el pedido realizado.'),
(5, 15, 'Correo', '2024-12-15', 'Problemas con la facturación de la compra anterior.'),
(1, 16, 'Llamada', '2024-12-16', 'Consulta sobre el stock de productos.'),
(2, 17, 'Presencial', '2024-12-17', 'Interacción sobre descuentos especiales.'),
(3, 18, 'Correo', '2024-12-18', 'Seguimiento sobre un reembolso pendiente.'),
(4, 19, 'WSP', '2024-12-19', 'Interacción sobre el cambio de dirección de entrega.'),
(5, 20, 'WEB', '2024-12-20', 'Aclaraciones sobre tiempos de envío.'),
(1, 21, 'Correo', '2024-12-21', 'Consulta sobre nuevos productos en el catálogo.'),
(2, 22, 'Llamada', '2024-12-22', 'Información sobre pagos a plazos.'),
(3, 23, 'Presencial', '2024-12-23', 'Reclamo sobre la calidad del producto adquirido.'),
(4, 24, 'Correo', '2024-12-24', 'Aclaración sobre costos de envío.'),
(5, 25, 'WSP', '2024-12-25', 'Solicitud de asesoramiento para una compra grande.'),
(1, 26, 'WEB', '2024-12-26', 'Solicitud de cancelación de pedido.'),
(2, 27, 'Llamada', '2024-12-27', 'Interacción sobre métodos de pago internacional.'),
(3, 28, 'Correo', '2024-12-28', 'Consulta sobre la política de devoluciones.'),
(4, 29, 'Presencial', '2024-12-29', 'Reclamo por la calidad del servicio.'),
(5, 30, 'WSP', '2024-12-30', 'Aclaración sobre el proceso de entrega.'),
(1, 31, 'WEB', '2024-12-31', 'Confirmación sobre el estado de un pedido pendiente.'),
(2, 32, 'Correo', '2024-12-01', 'Consulta sobre los métodos de envío.'),
(3, 33, 'Llamada', '2024-12-02', 'Información sobre la política de garantías.'),
(4, 34, 'Presencial', '2024-12-03', 'Consulta sobre los horarios de atención.'),
(5, 35, 'WSP', '2024-12-04', 'Consulta sobre el catálogo de productos tecnológicos.'),
(1, 36, 'Correo', '2024-12-05', 'Asesoría sobre la compra de equipo profesional.'),
(2, 37, 'Llamada', '2024-12-06', 'Información sobre productos exclusivos.'),
(3, 38, 'WEB', '2024-12-07', 'Consulta sobre pagos y financiamiento.'),
(4, 39, 'Presencial', '2024-12-08', 'Solicitud de instalación de productos.'),
(5, 40, 'Correo', '2024-12-09', 'Consulta sobre stock de productos específicos.');


-- Insertar 40 soportes
INSERT INTO [dbo].[soporte] ([empleado_id], [cliente_id], [tipo_problema], [fecha], [estado])
VALUES
(1, 1, 'Problema de conexión', '2024-12-01', 'resuelto'),
(2, 2, 'Error en la factura', '2024-12-02', 'pendiente'),
(3, 3, 'Fallo en el producto', '2024-12-03', 'resuelto'),
(4, 4, 'Retraso en la entrega', '2024-12-04', 'resuelto'),
(5, 5, 'Producto defectuoso', '2024-12-05', 'pendiente'),
(1, 6, 'Consulta técnica', '2024-12-06', 'resuelto'),
(2, 7, 'No llega la confirmación de pago', '2024-12-07', 'pendiente'),
(3, 8, 'Falta de stock de productos', '2024-12-08', 'resuelto'),
(4, 9, 'Error en el envío', '2024-12-09', 'pendiente'),
(5, 10, 'Cancelación de pedido', '2024-12-10', 'resuelto'),
(1, 11, 'Problema con la devolución', '2024-12-11', 'pendiente'),
(2, 12, 'Fallo en la garantía', '2024-12-12', 'resuelto'),
(3, 13, 'Información sobre la política de devoluciones', '2024-12-13', 'pendiente'),
(4, 14, 'Retraso en el envío', '2024-12-14', 'resuelto'),
(5, 15, 'Devolución por mal estado', '2024-12-15', 'pendiente'),
(1, 16, 'Descuento no aplicado', '2024-12-16', 'resuelto'),
(2, 17, 'Consulta sobre cambios en la factura', '2024-12-17', 'pendiente'),
(3, 18, 'Problemas con el pago', '2024-12-18', 'resuelto'),
(4, 19, 'Problemas en el pago de cuotas', '2024-12-19', 'pendiente'),
(5, 20, 'Dudas sobre garantía extendida', '2024-12-20', 'resuelto'),
(1, 21, 'Consulta sobre productos nuevos', '2024-12-21', 'pendiente'),
(2, 22, 'Problema con el reembolso', '2024-12-22', 'resuelto'),
(3, 23, 'Devolución de dinero no procesada', '2024-12-23', 'pendiente'),
(4, 24, 'Inconvenientes con la calidad del producto', '2024-12-24', 'resuelto'),
(5, 25, 'Retraso en la entrega del producto', '2024-12-25', 'pendiente'),
(1, 26, 'Problema en la facturación', '2024-12-26', 'resuelto'),
(2, 27, 'Solicitud de cambio de producto', '2024-12-27', 'pendiente'),
(3, 28, 'Consulta sobre el producto', '2024-12-28', 'resuelto'),
(4, 29, 'Error en el procesamiento del pago', '2024-12-29', 'pendiente'),
(5, 30, 'Problema con la instalación del producto', '2024-12-30', 'resuelto'),
(1, 31, 'Fallo de producto recibido', '2024-12-31', 'pendiente'),
(2, 32, 'Problema en la transacción de pago', '2024-12-01', 'resuelto'),
(3, 33, 'Defecto en el producto', '2024-12-02', 'pendiente'),
(4, 34, 'Consulta sobre costos adicionales', '2024-12-03', 'resuelto'),
(5, 35, 'Fallo en el pedido', '2024-12-04', 'pendiente'),
(1, 36, 'Información sobre descuentos', '2024-12-05', 'resuelto'),
(2, 37, 'Problemas con la factura', '2024-12-06', 'pendiente'),
(3, 38, 'Solicitud de reembolso', '2024-12-07', 'resuelto'),
(4, 39, 'Problema con el producto adquirido', '2024-12-08', 'pendiente'),
(5, 40, 'Cancelación de pedido debido a mal estado', '2024-12-09', 'resuelto');


INSERT INTO [dbo].[ordenes] (cliente_id, empleado_id, fecha_compra, precio_total, created_at, created_by)
VALUES
(10, 1, '2024-12-01', 890.00, '2024-12-01 10:00:00', 1),
(20, 2, '2024-12-02', 300.00, '2024-12-02 11:00:00', 2),
(15, 3, '2024-12-03', 1049.00, '2024-12-03 12:00:00', 3),
(22, 4, '2024-12-04', 380.00, '2024-12-04 13:00:00', 4),
(35, 5, '2024-12-05', 729.00, '2024-12-05 14:00:00', 5),
(25, 1, '2024-12-06', 600.00, '2024-12-06 15:00:00', 1),
(11, 2, '2024-12-07', 790.00, '2024-12-07 16:00:00', 2),
(28, 3, '2024-12-08', 180.00, '2024-12-08 17:00:00', 3),
(18, 4, '2024-12-09',  220.00, '2024-12-09 18:00:00', 4),
(30, 5, '2024-12-10', 560.00, '2024-12-10 19:00:00', 5);

select*from detalle_orden

INSERT INTO [dbo].[detalle_orden] ([ordenes_id], [productos_id], [cantidad])
VALUES
(1, 1, 1), 
(1, 4, 2),  
(2, 2, 1), 
(2, 3, 1), 
(3, 5, 1), 
(3, 7, 1),
(4, 8, 1),  
(4, 9, 2),  
(5, 10, 1),
(5, 12, 1), 
(6, 13, 1), 
(6, 16, 2),  
(7, 17, 1),  
(7, 18, 1), 
(8, 19, 1), 
(8, 20, 2), 
(9, 21, 1), 
(9, 22, 1), 
(10, 23, 1),
(10, 24, 1),
(10, 25, 1);